Date,PC1_Variance_Ratio,KMO_Value,N_Components_Kaiser,N_Stocks,PC1_Sign_Mean,Top_10_Eigenvalues
2020-01-06,0.31453823519287366,0.6997522456101786,89,477,0.04386819490948638,"[150.33301798  35.37919816  15.32581724   8.9676983    7.26437206
   6.49208151   6.084888     5.46160986   4.77656692   4.52380002]"
2020-01-13,0.31465685293468765,0.729919486659786,89,477,0.04388433254364919,"[150.38971113  35.37286641  15.35141245   8.88594051   7.31167875
   6.52506747   6.06229849   5.48894318   4.75531662   4.49739912]"
2020-01-21,0.31469446828506964,0.7446036967181471,90,477,0.04390684089306262,"[150.40768933  35.25908528  15.38286903   8.89848174   7.35868446
   6.52759473   6.08946022   5.48269295   4.75203465   4.47577017]"
2020-01-28,0.31600466895105755,0.7474844851459735,88,477,0.043906504123517494,"[151.03389752  35.47497044  15.39600926   8.93093555   7.37170451
   6.51691462   6.0208076    5.50060585   4.73378975   4.45250301]"
2020-02-04,0.31682851765539916,0.757339683360344,88,477,0.043922965301364324,"[151.42765462  35.33084563  15.30234178   8.9884454    7.35964879
   6.43226476   5.92660576   5.48432205   4.75962986   4.4452791 ]"
2020-02-11,0.3092537517182582,0.7588847812595362,89,477,0.04380452739828706,"[147.80730804  35.45944291  15.73024983   8.89659728   7.48278038
   6.53213862   6.02452302   5.56703156   4.74743728   4.47026686]"
2020-02-19,0.3007345539272688,0.7494442986931382,91,477,0.0437237422961438,"[143.73557185  35.73365813  16.03441832   9.08891751   7.58569114
   6.58614536   6.07166403   5.62255479   4.80051406   4.50581233]"
2020-02-26,0.30992902834857455,0.7545043970409522,89,477,0.043791508074517524,"[148.13005536  34.99738597  15.8732476    8.85898863   7.5732249
   6.44673204   6.00287669   5.58237456   4.78064234   4.41557458]"
2020-03-04,0.3231371078102384,0.7443802377242562,86,477,0.04419857442259833,"[154.44283462  36.07369098  15.67848129   8.68192586   7.21351104
   6.21523932   5.755197     5.45073019   4.60181475   4.31431991]"
2020-03-11,0.37070455531966345,0.810379333169144,78,477,0.044548280011440414,"[177.17761578  33.15512232  15.38551199   8.96223218   7.39372594
   5.99013091   5.52606395   4.96510685   4.13887005   4.11302517]"
2020-03-18,0.4760565296868316,0.8578101137180274,58,477,0.04509110745464528,"[227.53041389  27.51546755  12.79112496  10.90854129   6.53650448
   5.5586083    5.07053772   4.64850968   4.37089331   3.70176968]"
2020-03-25,0.4857719957051628,0.8739279655203839,52,477,0.04512395061658061,"[232.17390446  27.05131165  16.58589691  11.13953071   6.1054163
   5.9695712    5.76675918   4.92823665   4.80036368   4.44457705]"
2020-04-01,0.48586257471384203,0.8738516378349394,52,477,0.045134020119978725,"[232.21719654  27.32574093  16.58674989  10.82998399   6.21301479
   5.8699126    5.73640145   4.94154799   4.78947652   4.55823697]"
2020-04-08,0.49385387812481096,0.886545237464653,53,477,0.04512328968007377,"[236.03662651  26.24699886  16.2414776   10.54072036   6.38458199
   5.72150061   5.4850653    4.92669909   4.59908638   4.43009359]"
2020-04-16,0.4972473483320625,0.8796909048147865,50,477,0.04513227072314715,"[237.65852986  25.54847802  16.3770962   10.61572605   6.30123442
   5.64158319   5.41781509   4.90658424   4.47344665   4.37269634]"
2020-04-23,0.4991283311719079,0.8706726887729921,51,477,0.0451297526677654,"[238.55754243  25.28290507  16.61539834  10.60981199   6.23883646
   5.56426149   5.34600914   4.8512957    4.47662232   4.27646511]"
2020-04-30,0.4985095834207167,0.8773792589898848,50,477,0.045120175551572085,"[238.26181298  25.96989927  16.59808234  10.639785     6.22802626
   5.53724984   5.26054299   4.85854034   4.48424203   4.27710776]"
2020-05-07,0.49935273950247955,0.8879536802394051,51,477,0.04512319080646518,"[238.66479801  25.82003857  16.74422308  10.72806625   6.22727938
   5.53351433   5.19746443   4.8419781    4.45955014   4.24217138]"
2020-05-14,0.5002719976046975,0.8707671318593208,51,477,0.04512972524537724,"[239.10415587  25.73542452  16.76424106  10.73358528   6.23033033
   5.56127624   5.14476676   4.83254997   4.45199185   4.21815471]"
2020-05-21,0.5019476711701021,0.8642956165809408,50,477,0.045122862210903,"[239.90504121  25.62939203  16.93220562  10.74829201   6.23141946
   5.48311355   5.07792914   4.78494674   4.3976283    4.21663339]"
2020-05-29,0.5004149241120093,0.8730239657206769,50,477,0.04511391751906642,"[239.17246735  26.04637515  17.11805005  11.10768143   6.35517418
   5.48092695   5.02144759   4.75883219   4.41108327   4.16211345]"
2020-06-05,0.498716657595127,0.8687946764407732,50,477,0.045104125539048474,"[238.36078374  26.30517453  17.38383963  11.25370445   6.38132614
   5.4862985    4.99517147   4.78457603   4.35926934   4.12130115]"
2020-06-12,0.5053015934656627,0.875256013067271,49,477,0.045113799538313654,"[241.50804271  25.92193651  17.39185034  11.14151866   6.22032525
   5.40831887   4.89790232   4.6913983    4.25744498   4.05179551]"
2020-06-19,0.5054930085063406,0.8779870873166746,49,477,0.045111710433892456,"[241.5995292   25.88273028  17.42663337  11.07940015   6.19441265
   5.38850167   4.91087667   4.70554344   4.21715487   4.02953796]"
2020-06-26,0.5062039792016009,0.882514114213752,49,477,0.04511208960126457,"[241.93933645  25.72592265  17.33032142  11.07626184   6.1752882
   5.38459513   4.87294158   4.69801767   4.22639782   4.02626237]"
2020-07-06,0.50648754348853,0.8511364823712834,49,477,0.04511881758716175,"[242.07486552  25.71969321  17.28714673  11.15840895   6.20364808
   5.36773104   4.87494165   4.66988071   4.20419957   4.06775438]"
2020-07-13,0.5058217096308921,0.8885823833559682,49,477,0.045116492778269464,"[241.75663135  25.65205199  17.45084977  11.20982277   6.19006092
   5.37448159   4.89996128   4.65705061   4.15310522   4.04914902]"
2020-07-20,0.505231275823662,0.8827301067213829,49,477,0.04511836324614328,"[241.47443451  25.77923883  17.43707465  11.28573985   6.2008732
   5.38991395   4.91140183   4.66231256   4.18031337   4.04760495]"
2020-07-27,0.5045255271111242,0.8909015157337802,49,477,0.0451149537577167,"[241.1371231   25.69344308  17.70491765  11.37736637   6.20643496
   5.36895048   4.89407772   4.67554564   4.17695438   4.01633635]"
2020-08-03,0.504418074303469,0.8706560289316156,49,477,0.045113239427141405,"[241.08576622  25.72376191  17.79270438  11.3212594    6.19220008
   5.37232991   4.93026533   4.68472818   4.17732914   4.01645304]"
2020-08-10,0.5034291146138694,0.8961493822040294,49,477,0.045113683168155186,"[240.6130946   25.73845532  17.8789846   11.32735723   6.1841653
   5.40697491   4.91429095   4.68175487   4.20208099   4.01537151]"
2020-08-17,0.502474863900735,0.8912730439146652,49,477,0.04511484172007602,"[240.15701209  25.98285988  17.99479319  11.43093992   6.18581189
   5.4179954    4.9105507    4.6836536    4.21149964   4.0358571 ]"
2020-08-24,0.5019741837695633,0.869138740681734,49,477,0.04511509051732744,"[239.91771287  25.94678183  17.93122488  11.50455843   6.18935459
   5.41982348   4.93185485   4.69167558   4.20178361   4.03127992]"
2020-08-31,0.5011522574019212,0.8645361498452719,49,477,0.04511233658542688,"[239.52487455  25.94977724  18.08609155  11.47300979   6.18431798
   5.42338074   4.9587884    4.68441269   4.19595042   4.01898454]"
2020-09-08,0.5015965789101512,0.8623720092156144,49,477,0.045120416745498236,"[239.73723726  26.0954502   18.36533386  11.43172248   6.18185648
   5.39979796   4.91859954   4.65339635   4.1858273    4.02123053]"
2020-09-15,0.5026582855801222,0.8762141083647366,49,477,0.04512936312837202,"[240.24467817  26.03351866  18.36137591  11.42034609   6.19958128
   5.36944319   4.91874079   4.63971241   4.17575015   3.97848637]"
2020-09-22,0.502639967250546,0.8855972309542163,49,477,0.045127956217202954,"[240.23592296  26.02848584  18.42135968  11.43909223   6.20158436
   5.35838678   4.90674671   4.61732487   4.18106886   3.97270065]"
2020-09-29,0.5034154932024063,0.8824867829620401,49,477,0.0451336517258224,"[240.60658427  25.98188468  18.29851532  11.41526043   6.19970632
   5.33729107   4.89413111   4.59470657   4.20487297   3.95218729]"
2020-10-06,0.5033318903052563,0.8808716327956643,48,477,0.04513628862658887,"[240.56662641  25.93171458  18.43386837  11.46395418   6.21988469
   5.34175207   4.88691255   4.59129174   4.20764561   3.93511516]"
2020-10-13,0.5032777012015586,0.8682765674688492,49,477,0.0451400660908479,"[240.54072682  25.98640836  18.09947833  11.46066025   6.18550858
   5.33478132   4.87784738   4.6034339    4.21355283   3.94307212]"
2020-10-20,0.502433730590871,0.882513027474659,49,477,0.04513184641729457,"[240.13735249  26.01185531  17.95390075  11.45571431   6.18374122
   5.36326964   4.88025832   4.61159367   4.21279269   3.92873605]"
2020-10-27,0.5028915938020819,0.8775431043027053,49,477,0.045127537195341016,"[240.35618744  26.12654486  17.30989381  11.44557229   6.15798054
   5.341492     4.91084747   4.62939499   4.19904651   3.94170188]"
2020-11-03,0.5051160077677195,0.8698643196493294,49,477,0.04513889366028474,"[241.41934234  26.21915635  17.04617085  11.47248498   6.15019508
   5.29315056   4.89587406   4.63192875   4.1795094    3.9444507 ]"
2020-11-10,0.4989790778430738,0.855012821154334,49,477,0.04511127119294302,"[238.48620705  27.97713578  18.05170577  11.49128095   6.03841762
   5.71594399   5.23641737   4.57257877   4.12168678   4.04408792]"
2020-11-17,0.49854643976997853,0.8831556765295847,49,477,0.04511131285424435,"[238.27942841  28.19423084  18.12098821  11.48271972   5.99035428
   5.80713142   5.25402791   4.57559024   4.17040506   4.03855602]"
2020-11-24,0.49885496843099464,0.8760560862713014,49,477,0.04511287318501882,"[238.42688917  28.38842111  17.74879708  11.47850825   5.97527554
   5.77530977   5.27088482   4.56105421   4.19395025   4.05506933]"
2020-12-02,0.4981058208014555,0.8715060435117287,49,477,0.04510822931713343,"[238.06883532  28.66296821  17.66749459  11.51901101   5.94018846
   5.76385425   5.28163494   4.55516354   4.2041717    4.04337499]"
2020-12-09,0.49666869059891217,0.8662475394631395,50,477,0.045099546081692775,"[237.38196137  28.92216306  17.43539094  11.51080105   6.01282104
   5.79725585   5.31716391   4.57720643   4.23388247   4.04337374]"
2020-12-16,0.4966002815653361,0.8573872660904847,49,477,0.045096791075989275,"[237.34926539  28.92951612  17.40840208  11.51590011   6.03485133
   5.79857988   5.30908369   4.57987485   4.22829156   4.02420456]"
2020-12-23,0.4952008404675831,0.8610168760354576,49,477,0.04508672718214082,"[236.68040488  28.97444033  17.43551114  11.56153119   6.02984695
   5.81862884   5.34882039   4.61235446   4.24716316   4.04980368]"
2020-12-31,0.49144240432090636,0.8544049137326046,51,477,0.045061848315513936,"[234.88406668  29.18726427  17.47846286  11.66490298   6.09350091
   5.87928078   5.39637566   4.65095703   4.28667321   4.08098755]"
2021-01-08,0.49003144855589803,0.8654093575856697,51,477,0.04505179136192781,"[234.20970275  29.29469573  17.47285496  11.70125759   6.14533916
   5.93377393   5.40183289   4.65107068   4.36436818   4.10484498]"
2021-01-15,0.4890822276528062,0.8734030026772551,51,477,0.045050479257335234,"[233.75602423  29.41193167  17.42159988  11.76902316   6.12312744
   5.94005301   5.4252832    4.64370231   4.36898833   4.08085856]"
2021-01-25,0.48824790706394433,0.8787151036769763,51,477,0.045046633157142205,"[233.35726211  29.48388622  17.43295425  11.780859     6.1288458
   5.96851367   5.41790104   4.64776277   4.37229505   4.07874613]"
2021-02-01,0.4885766176028446,0.8724318296615644,51,477,0.04503826703921469,"[233.51436876  29.40375589  17.30569331  11.76726186   6.08274075
   5.9115983    5.3821948    4.6088293    4.44579115   4.07984609]"
2021-02-08,0.4884575690405963,0.8719429129403301,51,477,0.0450372183878331,"[233.4574697   29.45104224  17.36524287  11.74616333   6.10064967
   5.92834713   5.37438085   4.61246445   4.4409494    4.07373687]"
2021-02-16,0.4880113297244994,0.8558051607051078,51,477,0.04503480291204586,"[233.24419037  29.43646153  17.37077354  11.68102563   6.08891809
   5.94056956   5.37940549   4.61011969   4.44260445   4.08418161]"
2021-02-23,0.4864478961093183,0.828766740724792,50,477,0.04503315700457211,"[232.49694992  29.8869954   17.44259388  11.66593171   6.10584212
   5.95635969   5.37138899   4.60038821   4.42358755   4.07472934]"
2021-03-02,0.48703514202476245,0.8508600489079249,50,477,0.045043100186732,"[232.77762311  29.88593829  17.61028438  11.63755716   6.10169204
   5.97231481   5.36498151   4.60628393   4.39144705   4.0540467 ]"
2021-03-09,0.4863064915360907,0.8543582856112263,50,477,0.04504311457966068,"[232.42936584  29.99679836  18.02898013  11.59186875   6.08670845
   6.04453203   5.33152456   4.60383641   4.35277578   4.04365357]"
2021-03-16,0.4847926146061926,0.8713811535171803,50,477,0.04504138927265347,"[231.70581092  30.08880204  18.46808389  11.56795177   6.09758976
   6.06568656   5.31893449   4.59826957   4.34978926   4.03375369]"
2021-03-23,0.48366469554741176,0.8726103691275036,50,477,0.04504297325440893,"[231.16672391  30.27501363  18.64193654  11.53258987   6.09889299
   6.07054166   5.31490227   4.59159853   4.3524545    4.02474505]"
2021-03-30,0.4828307176180162,0.8476492478322813,50,477,0.045036319509388065,"[230.76812557  30.45908534  18.65346374  11.48898621   6.08991251
   6.05008169   5.31211734   4.58087123   4.35379413   4.00782544]"
2021-04-07,0.4826118145193808,0.8632524117197721,50,477,0.045037919223952186,"[230.6635012   30.54329873  18.68282304  11.42798442   6.09347059
   6.04061934   5.31269659   4.58683989   4.36316606   4.00765851]"
2021-04-14,0.4823528139129965,0.8533595719034338,50,477,0.04503643649821748,"[230.5397123   30.57426743  18.71196573  11.44100579   6.10676798
   6.06561247   5.31968605   4.60010341   4.35127452   3.99992795]"
2021-04-21,0.48298296819532466,0.8514496501087945,50,477,0.04503831270171249,"[230.84089347  30.75573501  18.8116412   11.42868266   6.11164711
   6.06914235   5.27518366   4.59508921   4.27279152   3.99944824]"
2021-04-28,0.48353849769597995,0.8860988092881339,50,477,0.045039138987758444,"[231.10640786  30.82110346  18.88097138  11.42876249   6.12291021
   5.99035155   5.26847849   4.5972477    4.23874327   4.01007113]"
2021-05-05,0.48323014176433476,0.8547987853373842,50,477,0.04503442371199321,"[230.95902966  30.79332819  19.03495786  11.47475534   6.16128062
   6.02313702   5.29379475   4.61014899   4.25073579   3.9989567 ]"
2021-05-12,0.4824713124443303,0.8560896225371377,50,477,0.045031563911605905,"[230.59634847  30.75730651  19.22117274  11.50475126   6.23234701
   6.01009508   5.2999342    4.60354636   4.23257242   4.00429454]"
2021-05-19,0.48305558643384755,0.8750911897248794,50,477,0.045029349836455165,"[230.87560124  30.78379918  19.06265333  11.37035699   6.23943499
   6.08839526   5.30260175   4.60001981   4.2501982    3.99762817]"
2021-05-26,0.4831508798970094,0.823950862699046,50,477,0.0450278774892976,"[230.92114659  30.83364054  19.04716444  11.34143801   6.26518898
   6.09982939   5.30199272   4.59426291   4.24936217   3.99766565]"
2021-06-03,0.48329498000980364,0.8263130891447712,50,477,0.0450280747732932,"[230.99001899  30.98448908  18.92458796  11.29693375   6.22465209
   6.11909849   5.32195651   4.60492646   4.28226765   4.00733751]"
2021-06-10,0.48287470762897333,0.8512487724016872,50,477,0.04502046020086734,"[230.78915052  30.97213692  18.87414806  11.21323416   6.23611337
   6.13984804   5.33683854   4.6182923    4.2992762    4.01192866]"
2021-06-17,0.4829854829669918,0.8579454855351782,50,477,0.045020267444884195,"[230.84209541  31.07280876  18.87472979  11.1682279    6.2432872
   6.16984415   5.34641998   4.61695823   4.30288955   4.00833613]"
2021-06-24,0.483560814282584,0.8670779541730415,50,477,0.045020771386207664,"[231.11707404  31.24597507  18.9412239   11.16191794   6.24394969
   6.15646449   5.34512652   4.60955941   4.27111059   4.00222118]"
2021-07-01,0.48361823332048093,0.8541376938349833,50,477,0.045020985789803694,"[231.14451737  31.2933141   18.90309071  11.1334195    6.24639331
   6.17626834   5.35752714   4.62406862   4.28129643   4.00728171]"
2021-07-09,0.4836495041854721,0.8550955922449175,50,477,0.045021430922706156,"[231.15946323  31.34748932  18.89975618  11.12884532   6.24581597
   6.18235215   5.37029107   4.63163863   4.2770043    4.00781797]"
2021-07-16,0.48419419922882095,0.8672555312799755,50,477,0.04502285260013956,"[231.4197993   31.3807246   18.94681403  11.1179459    6.24739809
   6.11582868   5.37548057   4.61688416   4.2780781    4.00348572]"
2021-07-23,0.4850501461377172,0.8530790729623595,50,477,0.04501414486978225,"[231.82889768  31.53942325  18.98352152  11.05107253   6.2539751
   6.08128667   5.38291817   4.61275486   4.27207946   3.99292042]"
2021-07-30,0.4862560791612762,0.8499555206626801,49,477,0.04501665470261141,"[232.40527133  31.65571329  19.08666229  11.08417201   6.24772119
   6.11634642   5.39193642   4.60862191   4.27143749   3.99898294]"
2021-08-06,0.4852286685087399,0.8729847744696598,49,477,0.04500898907306921,"[231.91422214  31.62937915  19.13501755  11.03027921   6.31107604
   6.12345298   5.42445125   4.63366368   4.32024999   4.01287603]"
2021-08-13,0.48446092838305105,0.8699855472924891,49,477,0.04500493579648019,"[231.54728205  31.7329458   19.18742562  11.01461041   6.35493406
   6.13111447   5.44754895   4.6465707    4.33411529   4.03037326]"
2021-08-20,0.48294406796455425,0.870117468385404,49,477,0.0449951403103008,"[230.82230118  32.02479058  19.23315799  10.93351875   6.37560071
   6.19079347   5.48668589   4.66485208   4.36464179   4.04780484]"
2021-08-27,0.48195774596043933,0.865450779453531,49,477,0.04498774218724782,"[230.35089024  32.19076849  19.32266592  10.9145107    6.39047464
   6.20936336   5.49437433   4.6780008    4.37534781   4.05973069]"
2021-09-03,0.48197042389773803,0.8805079610385897,49,477,0.04498903602782528,"[230.35694964  32.32634152  19.29629137  10.88029452   6.39474475
   6.20809641   5.49498834   4.69139925   4.37823384   4.06292615]"
2021-09-13,0.4833487753200444,0.8806526787308802,49,477,0.04499283292440782,"[231.01573037  32.19083713  19.35287423  10.5950273    6.40735115
   6.16783113   5.45722217   4.70105934   4.37382583   4.06492741]"
2021-09-20,0.48380117311044807,0.8821779553844361,50,477,0.04499256035996555,"[231.23195313  32.18441792  19.3756012   10.55499854   6.41066102
   6.14176717   5.46863929   4.70176423   4.36779944   4.06735679]"
2021-09-27,0.48416344275773787,0.8765801757879556,49,477,0.04499396146034515,"[231.4050993   32.20406322  19.33279662  10.57178189   6.40508761
   6.13458186   5.44261811   4.7010695    4.36723954   4.06458384]"
2021-10-04,0.48372126920430997,0.8598382110757263,49,477,0.04498935798543874,"[231.19376319  32.45783664  19.41323173  10.53729787   6.44944207
   6.1592184    5.44802779   4.69318215   4.35213111   4.05598445]"
2021-10-11,0.48264919557142827,0.8488200910488473,50,477,0.0449860769204362,"[230.68136741  32.4748086   19.55323659  10.5713365    6.46877091
   6.1755974    5.4567528    4.69697888   4.35536297   4.06499368]"
2021-10-18,0.4829102303509775,0.8277468682559624,50,477,0.04498948075713646,"[230.80612855  32.49956463  19.50428717  10.51364095   6.47342507
   6.15324368   5.45505505   4.69644811   4.3577999    4.07318167]"
2021-10-25,0.483299636718167,0.8480175929884995,49,477,0.044990939887687806,"[230.99224466  32.51820929  19.59350412  10.48526752   6.46601769
   6.14825549   5.4611644    4.69412218   4.36974536   4.07101516]"
2021-11-01,0.48389721644457395,0.8677018687938116,49,477,0.04499849135416146,"[231.27785688  32.483012    19.51833679  10.41852687   6.43587954
   6.16606671   5.4554875    4.68717867   4.34161995   4.06425253]"
2021-11-08,0.483442652102839,0.847180216326883,49,477,0.04499905932299953,"[231.06059862  32.4655472   19.53466486  10.24288944   6.46080429
   6.18240865   5.47218944   4.69908266   4.33980171   4.08922949]"
2021-11-15,0.4836191185407982,0.8476841380589064,49,477,0.045001856537391895,"[231.14494046  32.45870718  19.63417182  10.21095134   6.47548924
   6.19728159   5.50524802   4.68468447   4.34898312   4.1078325 ]"
2021-11-22,0.4833199163388595,0.8543201097652777,48,477,0.045002081045526804,"[231.00193727  32.43974512  19.678268    10.22261224   6.46516821
   6.21545769   5.49250396   4.68510802   4.34250859   4.09459161]"
2021-11-30,0.48337428850527514,0.8505427396808625,48,477,0.0449980468679064,"[231.02792436  32.43012122  19.79275419  10.17440374   6.51817514
   6.21075954   5.48639421   4.67199496   4.31889844   4.08171967]"
2021-12-07,0.4843284943367477,0.857652728506459,48,477,0.04500304154887705,"[231.48398542  32.24357772  19.82793023  10.0869677    6.49376268
   6.17289827   5.46403144   4.64499293   4.30020294   4.08810146]"
2021-12-14,0.4841479647665873,0.8584411917130156,49,477,0.04500146623904847,"[231.39770162  32.26306419  19.98102828   9.97790017   6.503111
   6.16149339   5.46264377   4.64124456   4.27077913   4.0799188 ]"
2021-12-21,0.48384174003501124,0.8809044488272844,49,477,0.045001890382024685,"[231.25134202  32.26170348  20.21971501   9.95518753   6.56102087
   6.15691456   5.46962245   4.63633344   4.25902127   4.07969693]"
2021-12-29,0.48410666711937705,0.8764424846360069,49,477,0.04500085140202743,"[231.37796348  32.27021773  20.31219407   9.94132576   6.60011033
   6.15118305   5.45890299   4.62320777   4.25201401   4.07963284]"
2022-01-05,0.4833886968245408,0.8806211839906493,48,477,0.04499786363404136,"[231.03481079  32.53311838  20.30104802   9.94369153   6.59300765
   6.27231855   5.46468707   4.6155468    4.23781355   4.0856099 ]"
2022-01-12,0.482407470179843,0.8710748882823415,49,477,0.0449955999559496,"[230.56583517  32.48618739  20.60107428   9.93196729   6.60129697
   6.33088642   5.44581767   4.59930624   4.22659802   4.10152963]"
2022-01-20,0.4821863745642439,0.8872394152371494,49,477,0.044995805497756246,"[230.4601629   32.46364509  20.715919     9.89109422   6.59849069
   6.37465173   5.45551742   4.58420941   4.22738254   4.10980294]"
2022-01-27,0.4815026214386141,0.8787197448717764,48,477,0.04500116195978842,"[230.13336424  32.55052092  20.78101657   9.83863565   6.59783984
   6.44883505   5.47105351   4.57303179   4.2265311    4.08628431]"
2022-02-03,0.4811374347732719,0.8645659841873048,49,477,0.044998831791748836,"[229.95882389  32.66765243  20.86172808   9.76467568   6.62394378
   6.4386955    5.4716037    4.60728751   4.22748659   4.07439627]"
2022-02-10,0.4809693519675217,0.8698324096217542,49,477,0.04500219333422246,"[229.878489    32.61058256  21.02223617   9.70740969   6.62911763
   6.4986575    5.47581635   4.59773531   4.24238643   4.07640533]"
2022-02-17,0.48162161480181775,0.8734227608455571,48,477,0.04500513782046247,"[230.19023692  32.6294338   21.12391604   9.62753832   6.73979205
   6.47378875   5.46194852   4.58771365   4.25905083   4.06494248]"
2022-02-25,0.4790082271764938,0.8784723156865383,49,477,0.04499779507683987,"[228.94117272  32.76769475  21.63624826   9.59076808   6.88075642
   6.51975015   5.50293572   4.59852801   4.29859224   4.06267218]"
2022-03-04,0.473541310076703,0.8776099576529977,49,477,0.04493825446080716,"[226.32826893  32.32765677  21.79267876   9.68061349   6.99352921
   6.57750184   5.60812181   4.68355855   4.42217434   4.05998511]"
2022-03-11,0.4550410257992806,0.859272532512773,51,477,0.044866826945352344,"[217.48608932  34.21891879  23.00445724   9.89574048   7.40436621
   6.80410115   5.68720983   4.86079893   4.52514162   4.16579386]"
2022-03-18,0.3877899392427972,0.8373802549226813,61,477,0.04442311334517791,"[185.34354615  37.63610104  25.95889237  10.17286679   7.87887907
   7.29182486   6.25823467   5.30995824   4.97672789   4.68861446]"
2022-03-25,0.3722657931555387,0.8113708001793594,69,477,0.044323989603321734,"[177.92380676  40.01961711  24.55759853  10.97554718   8.74617853
   6.39718157   5.65467981   4.85978592   4.57781958   4.27527887]"
2022-04-01,0.3570438677111448,0.7847445386061384,70,477,0.04409959631739031,"[170.64851322  40.95401231  24.50818557  11.02621379   9.12130109
   6.56295139   5.98780475   5.06053758   4.68786463   4.455483  ]"
2022-04-08,0.33829975159945364,0.7781658267814557,72,477,0.043862400826274975,"[161.6897946   41.97403742  26.39964358  11.24967635   9.11347937
   6.99617275   6.09718706   5.26713075   4.88380087   4.27089055]"
2022-04-18,0.33343033264138183,0.7944095080016957,73,477,0.0438296144773593,"[159.36246404  42.0070942   26.52856224  11.33156282   8.99552469
   7.10442887   6.2148441    5.40999473   4.60171176   4.36734644]"
2022-04-25,0.32876610614234225,0.7876139186361233,73,477,0.04379237549306556,"[157.13320486  42.17909486  26.88596962  11.42240579   9.08182864
   7.30487122   6.27349131   5.48393795   4.65932263   4.4246049 ]"
2022-05-02,0.32973708818117337,0.7828471720575704,73,477,0.043961003043023306,"[157.59728409  42.49854103  26.45946144  11.42215333   8.88090487
   7.2316079    6.40812237   5.47813933   4.68696241   4.44360406]"
2022-05-09,0.3310237310924282,0.7914547322892835,73,477,0.04401044478188312,"[158.21223289  42.48858322  26.73499486  11.48417605   8.84541973
   7.21817674   6.30480719   5.47510051   4.59214899   4.435988  ]"
2022-05-16,0.328818261363025,0.786738410580419,73,477,0.044076976341610445,"[157.15813236  42.39183373  27.19091509  11.9550903    9.15810498
   7.06305347   6.47187031   5.49177397   4.61960476   4.4714633 ]"
2022-05-23,0.3263082941973014,0.7731166284408713,73,477,0.04419292217714925,"[155.9584978   42.5269904   27.42686046  12.28751227   9.17275367
   7.14239194   6.47599922   5.49351018   4.63946556   4.53636983]"
2022-05-31,0.32798932937770137,0.7665014816162554,72,477,0.04427609140838992,"[156.76194572  41.67759595  27.66052395  12.11478268   9.01539428
   7.17700329   6.45799999   5.52504168   4.67618255   4.54019458]"
2022-06-07,0.3270979536401178,0.7272704129485202,72,477,0.044347570652095075,"[156.33591419  41.65339243  27.76230153  12.10919616   9.05887627
   7.1906045    6.45927858   5.55665726   4.7153756    4.58612247]"
2022-06-14,0.32048076503461115,0.768380924615681,73,477,0.0443792520248156,"[153.17324008  41.35858385  28.16712699  12.39295624   9.29505185
   7.29667062   6.60607319   5.67045222   4.78629871   4.52986315]"
2022-06-22,0.32376759621323287,0.7652455721365653,73,477,0.04441204498002095,"[154.74417549  40.8843768   28.39156485  12.24591942   9.43385209
   7.2296399    6.59444723   5.63424107   4.67609636   4.54978122]"
2022-06-29,0.32261253524110345,0.7515074435887057,72,477,0.04443179130271995,"[154.19211605  41.73310437  28.64637855  12.25426111   9.63057838
   7.17911768   6.51902282   5.61700388   4.62642883   4.56601493]"
2022-07-07,0.32108636143581637,0.7502908970172701,72,477,0.04442557141926875,"[153.46268386  41.9243249   29.19712093  11.95726181   9.73008529
   7.17049792   6.65300026   5.68704318   4.70075342   4.63827863]"
2022-07-14,0.32114489035583416,0.7453694073240146,72,477,0.044429062073097464,"[153.49065766  41.15008316  29.5520995   11.94501317   9.92100861
   7.23751915   6.67674291   5.69801899   4.67810548   4.58611628]"
2022-07-21,0.3241033247774981,0.7518611289124468,71,477,0.04442875325152046,"[154.90463639  40.63436511  29.56661572  11.77001465   9.8339429
   7.30886199   6.6675082    5.60691704   4.69323238   4.56552985]"
2022-07-28,0.32476415760369887,0.7657726208726433,72,477,0.044420036270681175,"[155.22048032  40.32333135  29.98617261  11.62958045   9.87220931
   7.36659076   6.65442055   5.62790843   4.69110921   4.55901068]"
2022-08-04,0.3250730220399598,0.777159607299195,71,477,0.04443065754066631,"[155.36810156  40.2856708   29.82192244  11.48196103   9.93853742
   7.36550958   6.9232565    5.6305963    4.6854097    4.58747869]"
2022-08-11,0.3270567927571693,0.7664369854466297,72,477,0.04443707116102272,"[156.31624142  40.10443152  29.94291203  11.49343161   9.99111026
   7.1411575    6.93239428   5.63877887   4.70797274   4.57644986]"
2022-08-18,0.32879749728380103,0.7835362989958516,72,477,0.04443792433966179,"[157.1482082   39.75744104  29.94418174  11.51622196   9.91632077
   7.10039247   6.95752482   5.6110021    4.71046806   4.53218907]"
2022-08-25,0.330808846450467,0.7776565297936316,72,477,0.04444402810001543,"[158.10952914  39.45046206  30.07898658  11.49123221   9.96570532
   7.08374857   6.9502234    5.59944021   4.72850317   4.4918322 ]"
2022-09-01,0.3362230903299113,0.7768609248025542,71,477,0.04448916271282938,"[160.69725785  38.99946345  29.9809846   11.36734044   9.98056209
   7.05137936   6.87157808   5.54975383   4.66809218   4.46830288]"
2022-09-09,0.3341929310171923,0.7527193351102512,70,477,0.04444351567183573,"[159.72694664  38.77435505  30.20765823  11.3725254    9.91943574
   7.23221499   6.82453421   5.54294984   4.68402369   4.53954196]"
2022-09-16,0.33847467970121925,0.7269439381482812,70,477,0.044477333672132205,"[161.77340119  38.36352642  30.02304994  11.29397145   9.87001724
   7.25965972   6.87609424   5.55260087   4.68720676   4.52914978]"
2022-09-23,0.3396487856487574,0.7903748505007412,69,477,0.044484463354834754,"[162.33456314  37.76682677  30.19299956  11.33090477   9.90190846
   7.15512031   6.90350525   5.53556939   4.72351409   4.59287804]"
2022-09-30,0.3404806074206651,0.773954325580094,69,477,0.04451088809903593,"[162.73213095  37.71154485  30.29036814  11.26424442  10.0034363
   7.24569084   6.91547991   5.60504611   4.78839541   4.58524823]"
2022-10-07,0.34643546692993793,0.7972666382073761,69,477,0.0445613011872034,"[165.57824599  37.16582008  30.45903238  11.1309213    9.9087986
   7.10001312   6.73970217   5.57325905   4.72224753   4.61259638]"
2022-10-14,0.34849881138098426,0.7733559654881256,69,477,0.04458285329769538,"[166.56441799  36.8027262   30.61701787  11.10776241   9.86898814
   7.06467356   6.76253103   5.69046304   4.69485109   4.62570618]"
2022-10-21,0.3519901548592393,0.781733364414059,68,477,0.04461400888020777,"[168.2330997   36.49486372  30.45761962  11.04859427   9.95334165
   7.00148778   6.78174934   5.591149     4.77757347   4.6117761 ]"
2022-10-28,0.351999579763546,0.7335181554338851,68,477,0.044635207866354915,"[168.23760432  36.1050189   30.43995397  11.07084391   9.99467862
   7.04647119   6.824146     5.51997867   4.91260898   4.56702475]"
2022-11-04,0.34874895764607483,0.7707672692114107,70,477,0.04460539626641137,"[166.68397497  36.14103534  30.36417929  11.08228536  10.04928857
   7.05200636   6.91176469   5.6071604    4.89783734   4.51195568]"
2022-11-11,0.3640747687780454,0.7982759301277991,70,477,0.04467273127872209,"[174.0089205   30.78587666  29.73217325  10.65854174   8.76324659
   7.22345043   6.65118965   5.4755428    5.03952912   4.23468921]"
2022-11-18,0.3620403697787261,0.8037653481534904,69,477,0.04464488625401836,"[173.03658294  30.82613603  29.61056744  10.72223999   8.78108105
   7.31425467   6.66820572   5.62357253   5.19030548   4.45450071]"
2022-11-28,0.3621845823511735,0.7863243299101392,69,477,0.04464918575085731,"[173.10550909  30.87748054  29.25512668  10.80870028   8.8434393
   7.30530765   6.68389315   5.63657817   5.18910286   4.48782733]"
2022-12-05,0.3648779165288932,0.7685058533759636,69,477,0.044661995214557604,"[174.39278361  30.82530468  28.85490189  10.79406263   8.75603468
   7.27725678   6.6297509    5.60772708   5.2514659    4.46962912]"
2022-12-12,0.36638728469592735,0.7761979728091155,69,477,0.04467192839510661,"[175.11418358  30.75332082  28.62050412  10.74867365   8.76709571
   7.25276914   6.58711424   5.58620707   5.27949581   4.43878694]"
2022-12-19,0.36844154459024003,0.8023810207781044,68,477,0.04468095693578018,"[176.09601362  30.60806481  28.40570086  10.7478173    8.77076343
   7.23370252   6.57329266   5.64011428   5.31682483   4.41864138]"
2022-12-27,0.37033830409124696,0.809434605702791,68,477,0.044680745576634186,"[177.00256662  30.56469042  28.09467835  10.77304896   8.74995231
   7.24705849   6.52402377   5.63999834   5.34033371   4.41247688]"
2023-01-04,0.3713262817342492,0.8024662609760441,68,477,0.04468273927254895,"[177.47476887  30.46435944  28.09718349  10.85843107   8.72159984
   7.24051815   6.47850192   5.64760427   5.33269181   4.43356697]"
2023-01-11,0.37260035108194933,0.8325788278874411,68,477,0.04468578227366958,"[178.08370816  30.43224873  27.57361011  10.84678338   8.63506595
   7.14982899   6.40943723   5.6073839    5.38895068   4.48378773]"
2023-01-19,0.3746096693430277,0.8098927990584209,69,477,0.04470495614278724,"[179.04405842  30.30897813  27.38213438  10.91956676   8.55145295
   7.07982705   6.38114786   5.55379078   5.43644467   4.46950548]"
2023-01-26,0.37589188925727235,0.8060623381192816,69,477,0.044707800335523046,"[179.65689327  30.21083425  27.25074871  10.95348921   8.54389336
   7.03024981   6.471291     5.57248298   5.44100654   4.49409708]"
2023-02-02,0.37470833838052064,0.8008830475041208,68,477,0.04471978138034051,"[179.09121712  30.55489321  27.49098872  11.05861387   8.63153697
   6.67569589   6.29429256   5.62427134   5.47686045   4.53030858]"
2023-02-09,0.3742136181182778,0.788037690837792,69,477,0.04471501294691832,"[178.85476641  30.59594096  27.49551739  11.14832897   8.78764909
   6.77801596   6.31046735   5.76349353   5.47581385   4.45657072]"
2023-02-16,0.37528663337873447,0.7935336751863437,69,477,0.044720577106625435,"[179.36761224  30.77475594  27.38639995  11.24870485   8.7710165
   6.76337423   6.29998803   5.80303304   5.47758299   4.43257223]"
2023-02-24,0.378350251083494,0.769792853178625,68,477,0.04472498761900575,"[180.83186315  30.74879739  26.61350478  11.32101687   8.72430974
   6.76706415   6.27770945   5.80735888   5.36940831   4.43278008]"
2023-03-03,0.37648953165629373,0.778594515088943,68,477,0.04471963658051112,"[179.94253544  30.63218754  26.72477809  11.45823975   8.79408195
   6.83297241   6.31394187   5.85439565   5.373526     4.40580842]"
2023-03-10,0.37894202736457416,0.7600745707576289,68,477,0.04471789565320509,"[181.11470162  30.40095827  25.92793873  11.35045795   8.72895966
   6.93814004   6.33567732   5.95135824   5.27444963   4.44082115]"
2023-03-17,0.37923977220027244,0.7934881703962583,67,477,0.0447066166766736,"[181.25700826  30.46539037  25.94243918  11.335505     8.76856713
   6.95634862   6.55472235   5.90715451   5.27873152   4.47555375]"
2023-03-24,0.38272371569636426,0.8062097593393477,67,477,0.044731581667686544,"[182.92215317  30.41014202  25.84997078  11.11178924   8.75496096
   6.9634629    6.46239674   5.91644214   5.3355827    4.41129859]"
2023-03-31,0.38315707187180664,0.81653335568429,67,477,0.044742294135022946,"[183.12927502  30.51302575  25.79928505  11.1001667    8.66866206
   6.96449889   6.37059666   5.92977196   5.33486492   4.35265293]"
2023-04-10,0.3829874251851149,0.825792925251643,67,477,0.044736483429027356,"[183.04819267  30.70619579  25.75032406  11.00187657   8.73759015
   7.10149692   6.44828008   5.92987943   5.32515887   4.33995918]"
2023-04-17,0.38325748344670324,0.8156181441101514,67,477,0.04474249714220806,"[183.17726656  30.77498318  25.53361916  10.91661315   8.74349974
   7.14592077   6.4645619    5.95766194   5.32961507   4.33181044]"
2023-04-24,0.3823265116089774,0.8278976051484256,68,477,0.044743262828754946,"[182.73231014  30.46892794  25.36282726  10.93573936   8.86668066
   7.19202569   6.4899055    6.0113203    5.35812579   4.34372379]"
2023-05-01,0.38317909198068556,0.8333034749319448,67,477,0.044752478015151934,"[183.13979949  30.42231451  25.14707041  10.91427776   8.8200032
   7.15498038   6.43111977   6.02158552   5.29921697   4.30008476]"
2023-05-08,0.38373402273245666,0.8369887375893744,68,477,0.044761829182204387,"[183.40502771  30.17451097  25.05924669  10.85042821   8.67855225
   7.1101733    6.31179965   5.99679019   5.26595076   4.29318691]"
2023-05-15,0.3818161084196253,0.8020935147297924,68,477,0.04475900380374029,"[182.4883638   30.01161097  25.16857401  10.87220399   8.73705728
   7.07882227   6.33446479   5.99428519   5.29799357   4.29792894]"
2023-05-22,0.38100170559223673,0.8200504733183948,68,477,0.044756617678853895,"[182.09912135  30.27794503  25.10671586  10.78581806   8.75246536
   7.04172198   6.31590034   6.0159976    5.27930977   4.29823967]"
2023-05-30,0.3801133176594187,0.8159620332271489,68,477,0.044751743258780716,"[181.67451784  30.42379414  24.92528323  10.77014366   8.75742561
   7.06321786   6.33330689   6.08107295   5.33007919   4.31902149]"
2023-06-06,0.38112918536485174,0.8167601758350045,68,477,0.0447511887573776,"[182.16005009  30.34177654  24.81181517  10.72488245   8.72063988
   7.12708296   6.37972523   6.06006963   5.30143239   4.29122588]"
2023-06-13,0.3808017695597829,0.8310582827862184,67,477,0.04475406620146607,"[182.00356226  30.347225    24.85450016  10.6224945    8.94608122
   7.15640416   6.43562878   6.03631126   5.22831397   4.28103028]"
2023-06-21,0.3816614774925654,0.8376490083526138,68,477,0.044755766179261885,"[182.41445821  30.31544623  24.22914882  10.62902277   8.95909969
   7.10778067   6.43926193   6.03709582   5.21975023   4.26372751]"
2023-06-28,0.37996259301707813,0.8224511948466056,68,477,0.044736709748508234,"[181.60247925  30.24321312  24.16810086  10.69365786   9.14518378
   7.16926208   6.47907806   6.06338765   5.184928     4.27354119]"
2023-07-06,0.3802926557228442,0.8134273909162042,68,477,0.04473492579701574,"[181.76023216  30.26903661  23.97902934  10.72290577   9.18995649
   7.14968609   6.49907678   6.07050296   5.14704711   4.27104621]"
2023-07-13,0.37972893575484595,0.7947918914826582,68,477,0.04473086165627786,"[181.49080315  30.29598065  23.7197253   10.69602298   9.24703182
   7.15069603   6.4742459    6.07429326   5.16335185   4.30565009]"
2023-07-20,0.3788400273776065,0.8139345832025878,68,477,0.044727829293238194,"[181.0659509   30.24644809  23.65951387  10.66113923   9.27150852
   7.14754076   6.45023541   6.15681712   5.18747894   4.29283757]"
2023-07-27,0.37564243849178136,0.8010551984355027,69,477,0.04473326379294103,"[179.53766869  30.46033727  23.36661876  10.74342107   9.33758602
   7.18727402   6.5016386    6.07723923   5.19050104   4.3173165 ]"
2023-08-03,0.3747836226251545,0.8242901936619131,69,477,0.044741079196699896,"[179.1271991   30.40324507  23.20687298  10.7535476    9.29531583
   7.18236405   6.47386826   6.06551008   5.21291572   4.33967199]"
2023-08-10,0.3742556004830898,0.8252718031806731,70,477,0.044736812437606015,"[178.87483181  30.43995547  22.98366079  10.80069863   9.2289502
   7.12256218   6.42216751   6.06624764   5.21116677   4.31081282]"
2023-08-17,0.37483204674404974,0.8227972310384811,70,477,0.04474237824001011,"[179.15034333  30.47011615  22.84762126  10.76154139   9.24887994
   7.07904388   6.40380564   6.09378336   5.21263526   4.32735448]"
2023-08-24,0.3747177302864547,0.8221831131949113,70,477,0.04474114515680176,"[179.09570597  30.3075944   22.66061854  10.80099406   9.2362512
   7.03454921   6.42514535   6.0814709    5.26409266   4.33682235]"
2023-08-31,0.3751782218701626,0.8091051353757491,70,477,0.04474594369734352,"[179.31579714  30.12439358  22.51897881  10.82806652   9.24768895
   7.04304736   6.43586185   6.07996446   5.26217118   4.34090852]"
2023-09-08,0.3751254221943761,0.7578829309720225,70,477,0.04474235068111086,"[179.29056163  30.2862345   22.29608229  10.80425303   9.22909144
   7.01405351   6.41783883   6.0837239    5.24745853   4.36257733]"
2023-09-15,0.3751457571925283,0.7610662413044228,71,477,0.044737380443711096,"[179.30028071  29.98740843  22.26190081  10.85180044   9.28427875
   7.0001701    6.39599442   6.07658319   5.29744396   4.36250616]"
2023-09-22,0.3754109694795327,0.7995063436266191,71,477,0.04473155839751408,"[179.42703847  30.00325005  22.06461439  10.89336647   9.29031501
   7.00393126   6.38157275   6.06688362   5.31310627   4.36579783]"
2023-09-29,0.37571775616558095,0.8168320811159605,70,477,0.04473408593600985,"[179.57366665  30.06005846  21.45959402  10.97179578   9.31589554
   7.00978496   6.41302524   6.1019501    5.34394882   4.3656813 ]"
2023-10-06,0.3746544909161526,0.8163573684315826,71,477,0.04472650084655102,"[179.06548082  29.90979929  21.36840338  10.99516861   9.37509058
   7.05455795   6.42741978   6.1282791    5.32055276   4.37106745]"
2023-10-13,0.37476936665197064,0.8112305195281587,71,477,0.044727032934905576,"[179.12038548  29.78362861  21.22615749  11.12346122   9.33026378
   7.04422447   6.43293326   6.24481025   5.32372944   4.41332949]"
2023-10-20,0.3750507748430706,0.7801165903505175,71,477,0.04472356231479698,"[179.25488405  29.88158393  21.14684738  11.10419945   9.35938379
   7.00274305   6.49942889   6.24509265   5.24345042   4.41108473]"
2023-10-27,0.3745466354837735,0.7916792681028744,71,477,0.04471589186905284,"[179.0139315   29.82781703  21.05849002  11.08654424   9.4234169
   6.97639269   6.55701453   6.23850108   5.19460212   4.42124051]"
2023-11-03,0.375040802117869,0.7350198189134922,71,477,0.04473050210872319,"[179.25011761  29.86344991  20.74143128  11.11851002   9.35679599
   6.96994967   6.4620153    6.19387604   5.19923293   4.42872561]"
2023-11-10,0.3768192209187212,0.7732492741926382,70,477,0.04472495761546844,"[180.10010987  29.8597466   20.73871846  11.08897296   9.45906518
   6.91229518   6.40044837   5.91148936   5.19309159   4.3949797 ]"
2023-11-17,0.378893921883161,0.782219122655844,70,477,0.04472050206775663,"[181.09170969  29.52506614  20.65602839  11.00259487   9.8938505
   6.8640409    6.47887772   5.82098744   5.16161959   4.37075481]"
2023-11-27,0.3800470062948084,0.7831606024090639,70,477,0.04471947040950792,"[181.64282443  29.50917736  20.38625845  11.0332475    9.91838431
   6.8512961    6.47626735   5.789191     5.1637097    4.39536493]"
2023-12-04,0.3771699373832892,0.7958839598811587,71,477,0.04469388282868094,"[180.26773421  29.63286082  20.24135525  11.08574457  10.20027993
   6.88291616   6.55052896   5.78136687   5.19309431   4.41149589]"
2023-12-11,0.37488710232239064,0.7971107023904883,72,477,0.044681158033157184,"[179.17665705  29.58895805  20.3336677   11.08350123  10.31799107
   6.87567074   6.57838028   5.80420473   4.99940685   4.43120854]"
2023-12-18,0.3744225087079804,0.7729678590495903,71,477,0.04468699481106128,"[178.95460532  29.69228445  20.15008719  11.24592263  10.82182807
   6.81413846   6.62001241   5.88926665   4.96055588   4.38489851]"
2023-12-26,0.37505643343231215,0.7996137841692833,72,477,0.044705014808685405,"[179.25758857  29.36914966  19.97479625  11.31526191  10.82627355
   6.78124      6.61911223   5.88094204   4.9249614    4.39616432]"
2024-01-03,0.37419696519229007,0.802495423947186,72,477,0.044694615656388076,"[178.84680717  29.67593011  20.0264601   11.34480139  10.83950071
   6.79620342   6.67749717   5.85747717   4.92022375   4.39844064]"
2024-01-10,0.37534060979032746,0.8087842936553633,72,477,0.04468970131236589,"[179.39341018  29.59617242  19.4954315   11.38262254  10.842921
   6.71224549   6.57167574   5.76624325   4.88750389   4.38476806]"
2024-01-18,0.37633891865357677,0.8091448384852584,71,477,0.04470213363339803,"[179.87055021  29.57743581  19.26736499  11.59396022  10.8317921
   6.71352135   6.54126571   5.7265567    4.86643221   4.37280148]"
2024-01-25,0.3752780394926834,0.8150734236397684,71,477,0.04468786315183552,"[179.36350481  29.7299335   19.10860982  11.62985162  10.6778217
   6.65258824   6.54680991   5.711483     4.89556882   4.45567673]"
2024-02-01,0.375958518172409,0.8094949320699221,72,477,0.044690026590507595,"[179.68873844  29.67258788  18.81767085  11.64800512  10.74301259
   6.67828      6.50535511   5.65446989   4.89425002   4.49788664]"
2024-02-08,0.3745322507153168,0.8151509781891724,72,477,0.044695012029744186,"[179.00705632  29.70526153  18.70631929  11.78392667  10.7321075
   6.68805743   6.52168007   5.69393265   4.92158514   4.56685569]"
2024-02-15,0.37387857003957625,0.8009192038327516,71,477,0.044695284202212006,"[178.69463075  29.63929896  18.56814622  11.88989706  10.66637207
   6.76296136   6.41739622   5.68269464   4.94498432   4.54229588]"
2024-02-23,0.3727508814708294,0.7857048972496232,72,477,0.044716120473447536,"[178.1556539   29.38942495  18.52349878  11.98132103  10.68379349
   6.72587748   6.43171248   5.68825756   4.9773164    4.56587394]"
2024-03-01,0.37059445186872736,0.8078374588875935,72,477,0.04469222342233941,"[177.12499202  29.21688801  18.46992336  12.17673253  10.3157559
   6.70795041   6.45152179   5.72324102   4.94908867   4.60553471]"
2024-03-08,0.370261568998118,0.8142925989366603,74,477,0.044714157412323416,"[176.96589121  28.57872251  18.62872185  12.29347956   9.67695967
   6.76289357   6.45935271   5.53122951   4.98168103   4.593486  ]"
2024-03-15,0.3678715739621734,0.8169125822233333,74,477,0.04473680529749106,"[175.82359712  28.07719463  18.70378363  12.30494586   9.47221959
   6.80184526   6.52782247   5.47435868   4.93196883   4.57950146]"
2024-03-22,0.36675234095949943,0.8144647376654699,75,477,0.044750883861316246,"[175.2886616   27.79514241  18.73665921  12.30936101   9.19320691
   6.81797745   6.53877704   5.48236493   4.97444434   4.59702027]"
2024-04-01,0.36698720829022186,0.8296810408207741,75,477,0.04475595899545426,"[175.40091605  27.60671742  18.54952762  12.39651064   9.07873169
   6.82543973   6.53420109   5.43352169   4.9524667    4.6076615 ]"
2024-04-08,0.36704289152533975,0.8123192643341354,75,477,0.044751519897604064,"[175.42752975  27.38352031  18.32822749  12.44232752   9.07231462
   6.8666538    6.52602298   5.44966253   4.91884877   4.6185262 ]"
2024-04-15,0.3686757185791541,0.7797113285251568,76,477,0.04473914898645485,"[176.20793668  26.42284546  18.28316191  12.5552149    9.04535476
   6.89860368   6.47530179   5.35242191   4.90459988   4.61746077]"
2024-04-22,0.36815675452446484,0.804263194174913,76,477,0.0447357435029899,"[175.95989869  26.74491813  18.23384761  12.6359895    8.96127388
   6.87675546   6.45487812   5.35690489   4.88119766   4.58875409]"
2024-04-29,0.3639677650009975,0.7819220542425099,76,477,0.04472488206811921,"[173.95777823  26.75031721  18.20311201  12.61369945   8.90580885
   6.9366123    6.45825731   5.33076058   4.85435885   4.59599258]"
2024-05-06,0.3589062317784756,0.7989298302514747,78,477,0.04468829576365945,"[171.53862698  26.63681448  18.26337041  12.71648599   8.93263001
   7.03094124   6.52196132   5.35074983   4.91254077   4.59757441]"
2024-05-13,0.35238308603858287,0.781825488311681,79,477,0.04465351847451304,"[168.42090049  26.7924395   18.55375855  12.7462026    8.65130176
   7.20873921   6.29255146   5.44413994   4.82073502   4.63881406]"
2024-05-20,0.352004467059832,0.7357746386096994,79,477,0.04464620598315437,"[168.23994019  26.58551978  18.56515819  12.78929168   8.5545369
   7.25889969   6.25393399   5.37077144   4.81902765   4.66431065]"
2024-05-28,0.3473734753791108,0.763007197132063,80,477,0.0445956153321568,"[166.02656554  27.00400973  18.57564658  12.74233817   8.65170063
   7.10977468   5.82675564   5.36728972   4.70067169   4.69636333]"
2024-06-04,0.345516638254074,0.7509866909078242,80,477,0.0446037246782954,"[165.13909338  26.54531618  18.70572741  12.80400004   8.71319744
   7.18879479   5.82472532   5.35488535   4.71492242   4.54883049]"
2024-06-11,0.3432705524982751,0.7529316587929148,80,477,0.044597211620629136,"[164.06558049  26.74806541  18.67469836  12.84527568   8.65800982
   7.27159413   5.8372043    5.35066254   4.74887453   4.54981175]"
2024-06-18,0.33182757344711494,0.7421839783990926,81,477,0.044538241883206195,"[158.59642799  27.18627835  19.12674167  13.21152991   8.77219529
   7.41044764   5.99790893   5.43147395   4.81112298   4.60261067]"
2024-06-26,0.32673505101995093,0.7504933828404473,83,477,0.04451094523684517,"[156.1624655   27.21859982  19.19800334  13.20500409   8.55125994
   7.57328729   6.07653932   5.44816237   4.796078     4.59779369]"
2024-07-03,0.32308749836084144,0.753642464708715,84,477,0.04448352530979086,"[154.41912387  27.23666341  18.20011808  13.20103952   8.49694272
   7.62211305   6.20807494   5.41985935   4.83708808   4.65519234]"
2024-07-11,0.3233869177899052,0.7334338156383953,85,477,0.044475357387037645,"[154.56223088  26.50739731  18.10515338  13.28213783   8.40366572
   7.46698309   6.2442314    5.45308111   4.82066508   4.61970416]"
2024-07-18,0.3227941863575003,0.7414249324201796,85,477,0.04446941267041092,"[154.27893589  27.13846359  18.01893882  13.32899524   8.35096415
   7.57341304   6.23173066   5.48310956   4.82175592   4.55521232]"
2024-07-25,0.31818874239768064,0.7232495060546376,85,477,0.04444897223204621,"[152.07777173  27.24751897  17.89063429  13.31088048   8.39029125
   7.77154525   6.20491956   5.44501127   4.84572698   4.55450071]"
2024-08-01,0.315689525162341,0.7438372375159665,86,477,0.04443333085388839,"[150.88327508  26.84036013  17.65402703  13.21468051   8.48514098
   7.54630581   6.23318396   5.71937999   4.81701255   4.46354108]"
2024-08-08,0.31760144070246493,0.771138750308922,86,477,0.0444410591338476,"[151.79707188  28.25887478  17.65168605  13.12230406   8.35005176
   7.37039057   6.15809511   5.61794867   4.82197774   4.46095587]"
2024-08-15,0.31810665080373673,0.7592118191080035,86,477,0.044447280518413235,"[152.0385362   28.10160105  17.30064978  13.12858194   8.427736
   7.37378662   6.14090369   5.62485729   4.79518719   4.51413755]"
2024-08-22,0.31761481605616615,0.7697159783998466,86,477,0.04444186110797969,"[151.80346461  28.22239709  17.27193411  13.09279865   8.40179434
   7.37920117   6.16492245   5.61461967   4.78629288   4.46956562]"
2024-08-29,0.31489588789663225,0.7440602153112709,86,477,0.04444144439564281,"[150.50395749  28.28680325  17.30032788  13.19619285   8.40374585
   7.42632955   6.21159256   5.63089234   4.80713815   4.44283813]"
2024-09-06,0.30980969000074937,0.7311165332878704,86,477,0.0443886845875795,"[148.0730178   28.85880249  17.28277595  13.21077554   8.33858652
   7.52634978   6.19377138   5.66664559   4.82687361   4.49321035]"
2024-09-13,0.30777838159548393,0.7190825945406227,87,477,0.044370677420971345,"[147.10215738  28.94733369  17.33371392  13.20539124   8.2688579
   7.56858043   6.22277818   5.69618906   4.8151141    4.47689915]"
2024-09-20,0.3014258759794316,0.7212154524119528,89,477,0.04430982596311056,"[144.06598806  29.6612972   17.50212116  13.3190096    8.03349172
   7.57683502   6.31358132   5.74033304   4.80840616   4.52421373]"
2024-09-27,0.2969558751413045,0.7561601312438342,89,477,0.04428463906978419,"[141.92955871  29.85768516  17.35290118  13.40519096   7.9533779
   7.71526424   6.48052793   5.93599955   4.78839714   4.66029655]"
2024-10-04,0.2926268019929691,0.7530223532703963,90,477,0.04422872611531756,"[139.86048551  30.17401999  17.48488977  13.46673074   8.11131908
   7.69673855   6.54012002   5.90632639   4.78468028   4.70145147]"
2024-10-11,0.2818838506607952,0.7203568604398055,91,477,0.04411709852132248,"[134.72591008  30.48508608  17.73543872  13.65172686   8.28974813
   7.77929217   6.68002909   6.00488986   4.84830119   4.75958845]"
2024-10-18,0.27768883904771,0.6807803511424803,92,477,0.04404876441099951,"[132.72091137  30.52473589  17.90055392  13.69751293   8.31055654
   7.66966551   6.7377714    5.98118947   4.85847925   4.64694965]"
2024-10-25,0.2710864279477116,0.72047373178096,92,477,0.04399078261115544,"[129.56530014  30.76821037  18.00941749  13.73638028   8.25976961
   7.7756649    6.81082672   5.99403756   4.87465492   4.69003264]"
2024-11-01,0.26741480982107096,0.7061022101666833,94,477,0.04394059724496862,"[127.81045646  30.99868845  17.9390873   13.49748284   8.32853188
   7.75207937   6.83954739   6.11324255   4.93636633   4.63733056]"
2024-11-08,0.2643235606056691,0.694849113478652,93,477,0.04392229713989157,"[126.33299912  31.5237448   18.91878358  13.76626296   8.36093231
   7.62352379   6.90329523   6.03508029   5.22642828   4.83860151]"
2024-11-15,0.2503934538058113,0.6690071646545408,95,477,0.043957612140107086,"[119.67512812  31.91154914  18.78127182  13.85465928   8.50020131
   7.56073772   7.18258257   6.12270603   5.38714117   4.73201254]"
2024-11-22,0.24963293546055257,0.6506666558756659,95,477,0.04398517826760167,"[119.31163966  31.71524501  18.87285608  13.80396875   8.54463823
   7.69901432   7.18779692   6.09884534   5.39419425   4.74320422]"
2024-12-02,0.2475348336019136,0.6531301368026015,96,477,0.043974132700153705,"[118.30885542  31.71764933  18.95931762  13.9127853    8.62616536
   7.74484242   7.28644095   6.10298766   5.3987934    4.759687  ]"
2024-12-09,0.24296418058112057,0.6546507072794111,96,477,0.04389539149094587,"[116.12431953  32.16915049  18.9122987   13.84779461   8.68351859
   7.88197529   7.28369157   6.12729159   5.34145216   4.80176784]"
2024-12-16,0.24096048454747496,0.6241361134250746,97,477,0.04384651125868943,"[115.1666564   32.3181946   18.9095648   13.91727404   8.70908476
   8.04264637   7.26681019   6.14678294   5.30741407   4.80077012]"
2024-12-23,0.24264636398909817,0.6287265707630163,96,477,0.04385660058671802,"[115.97241963  32.23750687  18.74609877  13.73116085   8.62159073
   8.13726303   7.26321032   6.06729299   5.26679736   4.8377692 ]"
2024-12-31,0.24234044572524943,0.6502630986099625,96,477,0.04384806861629372,"[115.82620651  32.2253952   18.78931487  13.76476473   8.60593235
   8.16300314   7.26169198   6.10524948   5.27609537   4.83941099]"
2025-01-08,0.23932334254516235,0.651510755771109,97,477,0.04383473637733924,"[114.38418715  32.67339952  18.82619716  13.80245579   8.62313745
   8.12061368   7.2452075    6.10262235   5.28648386   4.92375977]"
2025-01-16,0.23733620112232767,0.6399369421191519,98,477,0.0438110927822189,"[113.43443626  32.67117697  18.64882079  13.81696349   8.63119608
   8.18767203   7.30296507   6.07427654   5.19780403   4.92127221]"
2025-01-24,0.2363488964549592,0.6189478849931218,97,477,0.04378472504543288,"[112.96255566  32.87738309  18.65266738  13.7563023    8.6409765
   8.18983099   7.15162396   6.00538628   5.16484049   4.87185422]"
2025-01-31,0.2330100360269395,0.6076835213346883,98,477,0.04378163522295927,"[111.36675296  33.89399003  18.55547453  13.68365676   9.60257711
   8.27913504   6.99923732   6.02194872   5.11648736   4.85350904]"
2025-02-07,0.23088974948915764,0.6005806830258565,98,477,0.043790401966489846,"[110.3533656   33.88240341  18.13988193  13.54569614   9.636978
   8.27021938   7.05513822   6.03717921   5.13869158   4.95834602]"
2025-02-14,0.2292739699707605,0.6195565310379407,98,477,0.043763392096421376,"[109.58110651  33.85396884  17.99462846  13.52485251   9.67822304
   8.46695236   6.93703316   6.02051271   5.12968384   4.93931408]"
2025-02-24,0.22823645434707024,0.6047704778708172,99,477,0.043721892858982425,"[109.08522767  34.18104884  17.82628828  13.60675642   9.60482767
   8.48810331   6.89176696   6.02364619   5.14148784   4.96404551]"
2025-03-03,0.22584053968389609,0.5587586922812101,99,477,0.04372762073281557,"[107.9401043   34.45894541  17.85030793  13.69291493   9.87882023
   8.54318981   7.02006857   5.92815138   5.11609016   4.9480158 ]"
2025-03-10,0.22669100585687024,0.6200459705364185,99,477,0.04371198774541559,"[108.34658317  34.81342756  17.68939377  13.6538555   10.35527448
   8.73634548   6.99271852   5.92097337   5.09592989   4.91082537]"
2025-03-17,0.2243046090611905,0.5978763215403095,98,477,0.0436829898576624,"[107.20600886  35.72382662  17.6277491   13.58479131  10.89940141
   8.79760644   6.95748301   5.87937021   5.10424168   4.93465721]"
2025-03-24,0.22317885989676725,0.6133118557099528,99,477,0.043685916885442176,"[106.66795895  35.66355197  16.88468455  13.4501736   11.01516259
   8.80132298   6.99566709   5.92838613   5.21602188   4.94459313]"
2025-03-31,0.22134436888545048,0.5939556090696972,99,477,0.04358678348771345,"[105.79116707  36.03513795  16.75439908  13.47918083  11.0960433
   8.8071829    6.97709343   5.92072809   5.19103516   4.99067419]"
2025-04-07,0.24568747089094634,0.6423422461538083,94,477,0.0437070037036211,"[117.42591153  37.22431944  15.95244291  14.29245731  10.60337147
   8.24535109   7.08796912   5.63270876   4.97116767   4.79592369]"
2025-04-14,0.27687616867753906,0.6917824464307003,89,477,0.04384344077985201,"[132.33249694  36.72372567  15.13158145  13.71221254  10.21608998
   7.90711008   6.96926584   5.36521179   4.68391384   4.54846711]"
2025-04-22,0.27957019140705114,0.7085015689994084,89,477,0.04388604065574021,"[133.62010055  36.60887649  15.13236268  13.77071708  10.19256844
   7.84337859   6.89479509   5.44054491   4.75544739   4.52576757]"
2025-04-29,0.2824273203244256,0.741827029579037,89,477,0.043882063754275856,"[134.98566049  36.93789748  14.94544243  13.59965968  10.08469017
   7.7876169    6.7415976    5.37055317   4.75966729   4.4703879 ]"
2025-05-06,0.280793077369447,0.6915386142668357,90,477,0.04386329270243956,"[134.20457683  36.99081666  15.13034218  13.61618771  10.11855618
   7.81087376   6.68378891   5.30788837   4.70547834   4.50329752]"
2025-05-13,0.28173254530907516,0.7210253488859822,88,477,0.04373997942874516,"[134.65359394  37.67734119  15.12446038  13.57330076  10.41022967
   7.83986502   6.63474419   5.23960228   4.71642573   4.53564525]"
2025-05-20,0.282488206124973,0.7049165104124392,88,477,0.04377929128899477,"[135.01476075  38.49480176  15.11943093  13.50528435  10.36749146
   7.84068321   6.59977776   5.24353139   4.73906648   4.54122758]"
2025-05-28,0.2844600829994763,0.6925295122482786,88,477,0.043804957618884297,"[135.95721597  38.28628889  14.911633    13.51982312  10.3463213
   7.79773832   6.57723507   5.11589279   4.74870513   4.531852  ]"
2025-06-04,0.2842491390403128,0.7184076036852335,88,477,0.04379652698906296,"[135.85639566  38.19509925  14.6806585   13.59231292  10.37496211
   7.80274956   6.60118016   5.15167054   4.77952563   4.55865418]"
2025-06-11,0.2824264363000952,0.640365890908387,89,477,0.043800403063169374,"[134.98523797  38.13291018  14.73577153  13.86570567  10.31160488
   7.82223902   6.55481391   5.15636899   4.77511301   4.57133416]"
2025-06-18,0.28354186885688,0.7335306581785097,89,477,0.04379903754841303,"[135.51835707  38.27737389  14.41193216  13.85851258  10.28784335
   7.9675105    6.53522412   5.27078962   4.77083071   4.53167831]"
2025-06-26,0.2830977285921451,0.7229063455007434,88,477,0.04379734852629805,"[135.30608098  38.4287028   14.43752578  13.83896495  10.24773541
   8.06490375   6.4752808    5.28276344   4.84226181   4.48307698]"
2025-07-03,0.28237290525786307,0.7318601201888505,88,477,0.043785295920205025,"[134.9596529   38.53705617  14.94018314  13.78639637  10.33802794
   8.07105939   6.42152489   5.26163278   4.80811735   4.50012406]"
2025-07-11,0.28142579663511946,0.7552543804051992,88,477,0.04376996804545878,"[134.50698393  38.47878692  15.1323667   13.70372739  10.36466859
   8.08976703   6.42022973   5.25397257   4.81671729   4.49289765]"
2025-07-18,0.28189126166076667,0.7522257890107779,88,477,0.0437945446110007,"[134.72945215  38.41733129  15.17651255  13.48172897  10.33969344
   8.16342996   6.37423195   5.26193024   4.78289103   4.50641865]"
2025-07-25,0.28183548958987337,0.7624221643075378,88,477,0.04381612329885313,"[134.70279599  38.07030293  15.20489487  13.13020461  10.49119617
   8.1606048    6.32762328   5.25991864   4.738446     4.5029489 ]"
2025-08-01,0.28141331036438205,0.7257219513480311,88,477,0.04379771631093844,"[134.50101614  37.93779463  15.10926871  13.08228233  10.50579501
   8.07649462   6.39096476   5.25909148   4.73874392   4.51946296]"
2025-08-08,0.2810506022648149,0.7066265342009332,88,477,0.043777412100766536,"[134.32766042  37.90989963  15.24190949  13.07277844  10.44736071
   8.16990518   6.34807405   5.25677459   4.80452704   4.51125666]"
2025-08-15,0.28174609764715797,0.73309295340898,88,477,0.04376997761136482,"[134.66007126  37.96404365  15.35994828  13.08951549  10.5600623
   8.12394831   6.33660622   5.27393602   4.88740582   4.51721005]"
2025-08-22,0.2806111361981164,0.6833715162611635,87,477,0.043747081847001865,"[134.11761835  38.24318496  15.38610322  12.93464919  10.56092908
   8.14535412   6.37410863   5.29995418   4.89775362   4.51117365]"
2025-08-29,0.2814240741249463,0.6742659378403262,88,477,0.04371930140930091,"[134.50616066  38.34204755  15.56852947  12.80572478  10.53540805
   8.09625415   6.33541354   5.28384311   4.88684244   4.49309274]"
2025-09-08,0.28030414314731705,0.6758004074174483,89,477,0.043695681090017646,"[133.97089154  38.26019033  15.68386246  12.85833685  10.52626911
   8.08898163   6.38462185   5.29976044   4.85465335   4.48397587]"
2025-09-15,0.28038163420309054,0.65977605488829,89,477,0.043709751576240775,"[134.00792826  38.05191968  15.62858164  13.00928458  10.62515139
   8.1283653    6.41645425   5.29179662   4.81683255   4.46311822]"
2025-09-22,0.27938086863410133,0.6639534891742099,89,477,0.04369306118920591,"[133.52961405  38.22519831  15.69876755  12.7550936   10.73461912
   8.15972147   6.45030963   5.28919932   4.89305523   4.47814583]"
2025-09-29,0.2781812725812679,0.6766270612591692,89,477,0.04368731673896733,"[132.95626914  38.2731622   15.67713371  12.83914722  10.68980077
   8.18461867   6.42744424   5.2937661    4.89521847   4.47744922]"
2025-10-06,0.27628012093637055,0.7028283288235045,89,477,0.04367943366047218,"[132.04761693  38.25449289  15.705126    12.87263934  10.60117868
   8.35948524   6.39840802   5.26510478   5.09227038   4.49544626]"
2025-10-13,0.27659773844934815,0.6828498997973653,90,477,0.04364673308918675,"[132.19942168  38.67767646  15.68243002  12.57815428  10.47227115
   8.29545486   6.44144726   5.18350791   5.03169435   4.45009318]"
2025-10-20,0.2761036750467679,0.6895303657847413,89,477,0.043646473209629916,"[131.96328491  38.64881553  15.92590375  12.54436056  10.59784726
   8.27125013   6.35966629   5.10275604   5.0458419    4.45173216]"
2025-10-27,0.27282000434940806,0.7035212039922721,90,477,0.043621726225037794,"[130.39386005  38.9576307   15.92762125  12.53100109  10.68192088
   8.27738081   6.3567194    5.15831562   5.04973244   4.50215863]"
2025-11-03,0.2717336819250288,0.7023670702441271,90,477,0.04362299277739422,"[129.87465408  39.05163271  15.84464914  12.48766486  10.58249473
   8.32139242   6.34306076   5.31688605   4.99073119   4.4931399 ]"
2025-11-10,0.2693434971673731,0.7065090285523709,91,477,0.04357959842897712,"[128.73226932  39.46283291  15.85295307  12.59107705  10.62952049
   8.29273426   6.31335096   5.34375795   5.05714894   4.55024259]"
2025-11-17,0.26901456291028125,0.7082980406289401,91,477,0.043582837278421376,"[128.57505575  39.73111475  15.80446468  12.39351983  10.67822409
   8.31199361   6.35001394   5.44958137   5.03744179   4.5646369 ]"
2025-11-24,0.26836804463934105,0.7020046250556458,92,477,0.04358639591959076,"[128.26605343  39.9925267   15.71463681  12.38207439  10.44089644
   8.27199599   6.31138079   5.4526436    5.05119792   4.58399043]"
